EGR,FB,phi,AF,P,Tin,T,u,dF,rhoGF,rhoGB,O2,CO,CO2,H2O,N2
0.3,0.0,0.8962192862596737,1.1157983490552295,101324.99999999987,300.0000000000002,2085.0031348778616,0.29166037312269816,0.000504136874521333,1.1298000227657687,0.16212277068229405,0.020168236940149197,0.002177485106546799,0.08419976959188039,0.16439248397969092,0.7249933878872556
0.3,0.0,0.7938481820054797,1.259686704167696,101324.99999999996,300.0000000000001,1955.517250557326,0.23384293303498765,0.0005735248689388401,1.1339365335615843,0.17376819370317914,0.038962652647518796,0.00047517458581347713,0.07707826394597736,0.14924462098308156,0.732201568277545
0.3,0.0,1.1069531818068943,0.9033805733027361,101324.99999999996,299.9999999999998,2146.2321896880835,0.3325070866128936,0.0004651630869205584,1.1207381134966323,0.15355671289136155,0.0003899649106476465,0.026352256521122306,0.07572869811731622,0.18256972003039668,0.7002884009968389
0.3,0.0,0.692938109042238,1.4431303271545788,101324.99999999996,299.9999999999999,1803.6957929208086,0.1609576494891501,0.0007341203544548635,1.1381443580873816,0.1892042907738015,0.05902883351282841,8.335954039042413e-05,0.06834803711006232,0.13286983397001412,0.7388129305788308
0.3,0.0,1.000394690823421,0.9996054648959641,101324.99999999997,300.0,2164.7444637869153,0.32688323611648323,0.00047562808399952237,1.1255432156308702,0.15480524957129566,0.0054984746671993085,0.008961225068341792,0.08582015227257182,0.17677890566381416,0.7154673905606599
0.3,0.0,0.5931540174429112,1.6859027682405374,101324.99999999991,300.0000000000001,1637.1449330278765,0.08672629505308456,0.0011749483385137807,1.142480181409848,0.20930205972198831,0.07941332891594896,1.2867784524349985e-05,0.05920531462093273,0.11561114333994824,0.7454468741169338
0.3,0.0,1.216995679678496,0.8216956039352403,101324.99999999999,299.9999999999999,2068.290479178669,0.2934321137784286,0.0005039012955285573,1.1154584975691235,0.15599879757196716,3.0059035405876464e-05,0.04597392632591096,0.06258395638881777,0.18084235006105784,0.682139171616083
