EGR,FB,phi,AF,P,Tin,T,u,dF,hr,rhoGF,rhoGB,omega0,Yi_N2,Yi_O2,Yi_CO2,Yi_CH4,CH4,O2,CO,CO2,H2O,N2
0.35,0.0,0.805,1.2422360248447204,99999.99999999999,299.9999999999999,1919.8591690706025,0.1963127552305889,0.0006551215822135978,1614105032.524517,1.1427122713387567,0.17837741685402494,47.212978934742694,0.6869767030790687,0.20869920449322385,0.06220955131757301,0.04211454111013457,1.7127282245556733e-21,0.0363873326141902,0.0005824740243434821,0.11410465070850508,0.1488367063856134,0.6983574086269945
0.35,0.0,0.905,1.1049723756906078,99999.99999999996,300.0,2038.8774435502905,0.2391422596389736,0.000586485896668461,2218852386.069834,1.1412026415464,0.16746023300809332,68.81278516936827,0.6781877194361134,0.20602916650450093,0.0690426861923292,0.046740427867056435,1.8311233086985872e-19,0.01859224905233172,0.0026803828498519933,0.1242516117465886,0.16369145536212365,0.6873458176246573
0.35,0.0,1.005,0.9950248756218907,99999.99999999994,300.0,2106.334537545956,0.2596738694108523,0.0005630364827066904,2541489201.681368,1.1397344966043725,0.16104830577321366,83.48130127510676,0.6696207824820085,0.20342658490420534,0.07570318734343257,0.05124944527035355,2.2125414079754155e-17,0.005208070683944967,0.010360217865340849,0.12791975526289773,0.176233838767068,0.6742464070283134
0.35,0.0,1.105,0.9049773755656109,99999.99999999997,299.9999999999999,2079.9635510592857,0.2533218425409903,0.0005677240498475819,2432740428.431029,1.13830630611624,0.16090359970725765,84.46139075699793,0.6612675824369809,0.2008889352334721,0.082197515341101,0.055645966988446136,2.6264916470679996e-15,0.0004262010618357201,0.02881503439209465,0.11936280651440688,0.18368391945510126,0.6568757361659079
0.35,0.0,1.205,0.8298755186721991,100000.0,299.99999999999955,1998.4286347010939,0.21402384461652035,0.0006345041310162689,1835761561.5237455,1.1369153549446596,0.1645809791434778,67.11932851518426,0.6531202190546882,0.19841381744711817,0.08853181235728443,0.05993415114090927,8.337312966384647e-14,3.006225329555628e-05,0.05067317178110581,0.10625351191655429,0.1855625989190672,0.6375563498633219
