EGR,FB,phi,AF,P,Tin,T,u,dF,hr,rhoGF,rhoGB,omega0,Yi_N2,Yi_O2,Yi_CO2,Yi_CH4,CH4,O2,CO,CO2,H2O,N2
0.35,0.0,0.85,1.1764705882352942,99999.99999999997,299.9999999999998,1977.2766349691033,0.21795671685264623,0.0006161304182247955,1909290147.1697137,1.142027719152129,0.17299920387774673,57.364852624485735,0.6829936333992888,0.2074891729595701,0.06530625207879277,0.0442109415623483,1.4183402951405216e-20,0.028116819287985387,0.0011805045081228018,0.1190673416100685,0.15572574110726553,0.6935085876276118
0.35,0.0,0.85,1.1764705882352942,99999.99999999997,299.9999999999998,1977.2766349691033,0.21795671685264623,0.0006161304182247955,1909290147.1697137,1.142027719152129,0.17299920387774673,57.364852624485735,0.6829936333992888,0.2074891729595701,0.06530625207879277,0.0442109415623483,1.4183402951405216e-20,0.028116819287985387,0.0011805045081228018,0.1190673416100685,0.15572574110726553,0.6935085876276118
0.35,0.0,0.85,1.1764705882352942,99999.99999999997,299.9999999999998,1977.2766349691033,0.21795671685264623,0.0006161304182247955,1909290147.1697137,1.142027719152129,0.17299920387774673,57.364852624485735,0.6829936333992888,0.2074891729595701,0.06530625207879277,0.0442109415623483,1.4183402951405216e-20,0.028116819287985387,0.0011805045081228018,0.1190673416100685,0.15572574110726553,0.6935085876276118
0.35,0.0,0.85,1.1764705882352942,99999.99999999997,299.9999999999998,1977.2766349691033,0.21795671685264623,0.0006161304182247955,1909290147.1697137,1.142027719152129,0.17299920387774673,57.364852624485735,0.6829936333992888,0.2074891729595701,0.06530625207879277,0.0442109415623483,1.4183402951405216e-20,0.028116819287985387,0.0011805045081228018,0.1190673416100685,0.15572574110726553,0.6935085876276118
0.35,0.0,0.85,1.1764705882352942,99999.99999999997,299.9999999999998,1977.2766349691033,0.21795671685264623,0.0006161304182247955,1909290147.1697137,1.142027719152129,0.17299920387774673,57.364852624485735,0.6829936333992888,0.2074891729595701,0.06530625207879277,0.0442109415623483,1.4183402951405216e-20,0.028116819287985387,0.0011805045081228018,0.1190673416100685,0.15572574110726553,0.6935085876276118
